{
  "greeting": "Hiya",
  "name": "Mishika",
  "greetingText": "Machhar feels way better tho",
  "wishText": "May you always treat me with AKs ;)",
  "imagePath": "img/baka.jpg",
  "text1": "It's your birthday!!! :D",
  "textInChatBox": "Happy birthday to you!! Yeee! Many many happy blah...",
  "sendButtonLabel": "Send",
  "text2": "That's what I was going to do.",
  "text3": "But then I stopped.",
  "text4": "I realised, I wanted to do something",
  "text4Adjective": "special",
  "text5Entry": "Because,",
  "text5Content": "You are MACHHAR!",
  "smiley": ":)",
  "bigTextPart1": "S",
  "bigTextPart2": "O",
  "wishHeading": "Happy Birthday!",
  "outroText": "Now shut up and tell me you liked it, took me weeks to create such a small site.",
  "replayText": "Or click here to replay it again!",
  "outroSmiley": ":)"
}
